"Date","Price","Open","High","Low","Vol.","Change %"
"01/02/2019","1,119.12","1,114.00","1,122.96","1,113.70","","0.66%"
"01/03/2019","1,124.89","1,120.12","1,130.63","1,119.19","","0.52%"
"01/04/2019","1,115.85","1,125.89","1,128.06","1,115.44","","-0.80%"
"01/07/2019","1,116.66","1,116.40","1,121.17","1,114.66","","0.07%"
"01/08/2019","1,121.83","1,117.66","1,127.00","1,116.65","","0.46%"
"01/09/2019","1,117.18","1,122.83","1,124.89","1,116.80","","-0.41%"
"01/10/2019","1,116.79","1,118.18","1,122.24","1,115.99","","-0.03%"
"01/11/2019","1,117.23","1,117.79","1,120.61","1,113.05","","0.04%"
"01/14/2019","1,120.80","1,118.53","1,124.56","1,118.09","","0.32%"
"01/15/2019","1,121.50","1,121.80","1,125.02","1,117.89","","0.06%"
"01/16/2019","1,119.78","1,122.85","1,124.71","1,117.88","","-0.15%"
"01/17/2019","1,121.70","1,120.78","1,125.47","1,119.13","","0.17%"
"01/18/2019","1,125.08","1,122.70","1,126.67","1,119.93","","0.30%"
"01/21/2019","1,133.10","1,126.06","1,134.65","1,123.57","","0.71%"
"01/22/2019","1,130.77","1,134.10","1,134.49","1,128.42","","-0.21%"
"01/23/2019","1,125.46","1,131.77","1,132.94","1,125.42","","-0.47%"
"01/24/2019","1,127.75","1,126.46","1,131.34","1,125.01","","0.20%"
"01/25/2019","1,117.78","1,128.75","1,129.51","1,117.00","","-0.88%"
"01/28/2019","1,117.87","1,118.51","1,120.62","1,114.66","","0.01%"
"01/29/2019","1,117.01","1,118.87","1,122.80","1,115.44","","-0.08%"
"01/30/2019","1,110.04","1,118.01","1,119.67","1,109.15","","-0.62%"
"01/31/2019","1,111.40","1,111.04","1,114.79","1,108.59","","0.12%"
"02/01/2019","1,118.40","1,112.40","1,120.30","1,110.73","","0.63%"
"02/04/2019","1,118.86","1,119.15","1,122.71","1,117.97","","0.04%"
"02/05/2019","1,116.27","1,119.86","1,122.61","1,116.62","","-0.23%"
"02/06/2019","1,120.50","1,117.27","1,122.30","1,116.79","","0.38%"
"02/07/2019","1,123.81","1,121.80","1,127.18","1,119.85","","0.30%"
"02/08/2019","1,123.50","1,124.81","1,127.56","1,121.07","","-0.03%"
"02/11/2019","1,124.99","1,124.05","1,127.89","1,122.03","","0.13%"
"02/12/2019","1,120.29","1,125.99","1,127.84","1,120.51","","-0.42%"
"02/13/2019","1,124.59","1,121.29","1,126.35","1,119.37","","0.38%"
"02/14/2019","1,125.40","1,125.59","1,129.59","1,123.39","","0.07%"
"02/15/2019","1,125.44","1,126.40","1,130.89","1,125.11","","0.00%"
"02/18/2019","1,125.10","1,126.14","1,127.37","1,122.64","","-0.03%"
"02/19/2019","1,121.92","1,126.40","1,129.36","1,122.11","","-0.28%"
"02/20/2019","1,122.22","1,122.92","1,124.97","1,120.17","","0.03%"
"02/21/2019","1,124.63","1,123.22","1,127.53","1,121.67","","0.21%"
"02/22/2019","1,121.99","1,125.63","1,127.38","1,120.97","","-0.23%"
"02/25/2019","1,115.06","1,123.31","1,124.61","1,115.24","","-0.62%"
"02/26/2019","1,114.61","1,116.06","1,119.86","1,114.25","","-0.04%"
"02/27/2019","1,117.22","1,115.61","1,120.86","1,114.80","","0.23%"
"02/28/2019","1,124.60","1,118.20","1,126.44","1,116.95","","0.66%"
"03/01/2019","1,126.67","1,125.95","1,128.51","1,123.66","","0.18%"
"03/04/2019","1,125.46","1,127.66","1,128.38","1,123.39","","-0.11%"
"03/05/2019","1,124.81","1,126.46","1,129.74","1,124.64","","-0.06%"
"03/06/2019","1,127.38","1,125.81","1,130.53","1,125.12","","0.23%"
"03/07/2019","1,133.87","1,128.38","1,136.10","1,126.24","","0.58%"
"03/08/2019","1,132.90","1,134.87","1,138.07","1,131.51","","-0.09%"
"03/11/2019","1,130.77","1,134.10","1,137.00","1,130.96","","-0.19%"
"03/12/2019","1,127.44","1,131.77","1,132.85","1,126.84","","-0.29%"
"03/13/2019","1,129.50","1,128.44","1,134.33","1,127.39","","0.18%"
"03/14/2019","1,135.42","1,130.50","1,137.70","1,129.14","","0.52%"
"03/15/2019","1,134.70","1,136.42","1,139.61","1,132.14","","-0.06%"
"03/18/2019","1,131.52","1,135.05","1,137.04","1,130.55","","-0.28%"
"03/19/2019","1,129.96","1,132.52","1,134.05","1,128.22","","-0.14%"
"03/20/2019","1,125.05","1,130.89","1,133.10","1,123.48","","-0.43%"
"03/21/2019","1,127.41","1,126.05","1,130.98","1,123.90","","0.21%"
"03/22/2019","1,135.11","1,128.41","1,138.92","1,127.24","","0.68%"
"03/25/2019","1,131.86","1,135.82","1,136.72","1,131.79","","-0.29%"
"03/26/2019","1,134.87","1,132.86","1,136.72","1,130.35","","0.27%"
"03/27/2019","1,138.24","1,135.87","1,140.12","1,133.26","","0.30%"
"03/28/2019","1,134.95","1,139.24","1,140.31","1,135.13","","-0.29%"
"03/29/2019","1,136.10","1,136.05","1,138.60","1,134.37","","0.10%"
"04/01/2019","1,132.72","1,137.02","1,138.13","1,130.83","","-0.30%"
"04/02/2019","1,136.92","1,133.72","1,138.91","1,132.00","","0.37%"
"04/03/2019","1,133.67","1,137.40","1,138.30","1,132.67","","-0.29%"
"04/04/2019","1,135.83","1,134.67","1,138.98","1,133.09","","0.19%"
"04/05/2019","1,136.69","1,136.33","1,139.02","1,134.93","","0.08%"
"04/08/2019","1,141.98","1,137.55","1,146.91","1,136.10","","0.47%"
"04/09/2019","1,140.08","1,142.11","1,144.24","1,138.72","","-0.17%"
"04/10/2019","1,136.97","1,141.08","1,144.43","1,136.74","","-0.27%"
"04/11/2019","1,140.96","1,137.97","1,142.47","1,137.00","","0.35%"
"04/12/2019","1,133.72","1,141.96","1,143.22","1,132.38","","-0.63%"
"04/15/2019","1,134.10","1,134.72","1,136.28","1,131.66","","0.03%"
"04/16/2019","1,136.69","1,135.10","1,138.36","1,133.72","","0.23%"
"04/17/2019","1,131.28","1,137.69","1,138.16","1,131.40","","-0.48%"
"04/18/2019","1,136.61","1,132.28","1,138.80","1,131.68","","0.47%"
"04/19/2019","1,135.58","1,137.11","1,138.09","1,135.44","","-0.09%"
"04/22/2019","1,139.99","1,135.79","1,143.16","1,135.43","","0.39%"
"04/23/2019","1,142.11","1,140.99","1,145.53","1,138.84","","0.19%"
"04/24/2019","1,155.05","1,143.06","1,158.35","1,142.34","","1.13%"
"04/25/2019","1,159.01","1,156.05","1,166.10","1,155.78","","0.34%"
"04/26/2019","1,157.90","1,160.01","1,162.75","1,156.25","","-0.10%"
"04/29/2019","1,158.88","1,158.73","1,161.69","1,156.59","","0.08%"
"04/30/2019","1,163.25","1,159.89","1,169.69","1,158.64","","0.38%"
"05/01/2019","1,164.73","1,164.25","1,166.31","1,160.25","","0.13%"
"05/02/2019","1,166.16","1,165.73","1,168.52","1,160.58","","0.12%"
"05/03/2019","1,163.68","1,167.06","1,172.10","1,163.90","","-0.21%"
"05/06/2019","1,168.15","1,164.34","1,174.32","1,164.33","","0.38%"
"05/07/2019","1,172.22","1,169.15","1,174.40","1,165.96","","0.35%"
"05/08/2019","1,172.10","1,172.35","1,173.80","1,167.55","","-0.01%"
"05/09/2019","1,179.09","1,173.11","1,186.28","1,170.85","","0.60%"
"05/10/2019","1,174.20","1,180.09","1,183.47","1,173.38","","-0.41%"
"05/13/2019","1,187.78","1,175.20","1,190.75","1,175.20","","1.16%"
"05/14/2019","1,186.82","1,188.78","1,190.22","1,184.43","","-0.08%"
"05/15/2019","1,185.79","1,187.82","1,192.28","1,185.73","","-0.09%"
"05/16/2019","1,191.33","1,186.79","1,193.70","1,186.22","","0.47%"
"05/17/2019","1,193.73","1,192.33","1,196.46","1,189.01","","0.20%"
"05/20/2019","1,194.23","1,194.83","1,195.46","1,190.94","","0.04%"
"05/21/2019","1,191.78","1,194.74","1,196.80","1,191.24","","-0.21%"
"05/22/2019","1,190.37","1,192.78","1,197.09","1,187.86","","-0.12%"
"05/23/2019","1,188.80","1,190.76","1,194.68","1,188.00","","-0.13%"
"05/24/2019","1,184.77","1,189.80","1,191.72","1,185.07","","-0.34%"
"05/27/2019","1,183.55","1,185.65","1,187.38","1,182.11","","-0.10%"
"05/28/2019","1,187.94","1,184.54","1,190.37","1,182.85","","0.37%"
"05/29/2019","1,193.03","1,188.94","1,196.75","1,187.22","","0.43%"
"05/30/2019","1,188.73","1,194.03","1,194.83","1,187.33","","-0.36%"
"05/31/2019","1,187.80","1,189.73","1,193.79","1,188.03","","-0.08%"
"06/03/2019","1,178.92","1,188.80","1,191.20","1,178.28","","-0.75%"
"06/04/2019","1,177.56","1,179.72","1,184.88","1,177.16","","-0.12%"
"06/05/2019","1,179.84","1,178.11","1,182.98","1,173.89","","0.19%"
"06/06/2019","1,177.67","1,180.84","1,182.55","1,177.91","","-0.18%"
"06/07/2019","1,181.07","1,178.67","1,186.88","1,177.23","","0.29%"
"06/10/2019","1,183.02","1,181.76","1,188.03","1,180.05","","0.17%"
"06/11/2019","1,178.21","1,184.02","1,186.06","1,178.23","","-0.41%"
"06/12/2019","1,183.35","1,179.21","1,185.28","1,177.99","","0.44%"
"06/13/2019","1,182.32","1,183.53","1,187.57","1,181.36","","-0.09%"
"06/14/2019","1,186.78","1,183.32","1,188.40","1,181.63","","0.38%"
"06/17/2019","1,185.55","1,186.89","1,188.34","1,184.63","","-0.10%"
"06/18/2019","1,173.87","1,185.45","1,188.01","1,173.44","","-0.99%"
"06/19/2019","1,171.48","1,174.87","1,178.96","1,171.35","","-0.20%"
"06/20/2019","1,158.52","1,172.49","1,173.95","1,156.15","","-1.11%"
"06/21/2019","1,158.20","1,159.42","1,164.80","1,156.68","","-0.03%"
"06/24/2019","1,153.67","1,159.31","1,161.37","1,154.05","","-0.39%"
"06/25/2019","1,155.17","1,154.67","1,157.27","1,152.68","","0.13%"
"06/26/2019","1,153.67","1,156.17","1,160.72","1,151.89","","-0.13%"
"06/27/2019","1,157.00","1,154.53","1,159.03","1,153.05","","0.29%"
"06/28/2019","1,155.38","1,157.15","1,159.06","1,153.85","","-0.14%"
"07/01/2019","1,160.77","1,156.43","1,165.06","1,148.70","","0.47%"
"07/02/2019","1,166.47","1,161.77","1,168.61","1,160.32","","0.49%"
"07/03/2019","1,169.72","1,167.47","1,172.92","1,165.60","","0.28%"
"07/04/2019","1,167.34","1,170.72","1,171.74","1,166.90","","-0.20%"
"07/05/2019","1,174.59","1,168.34","1,176.13","1,167.52","","0.62%"
"07/08/2019","1,179.94","1,175.02","1,182.58","1,174.63","","0.46%"
"07/09/2019","1,182.22","1,180.92","1,184.46","1,178.07","","0.19%"
"07/10/2019","1,175.57","1,183.22","1,183.48","1,175.18","","-0.56%"
"07/11/2019","1,174.16","1,176.57","1,178.24","1,169.94","","-0.12%"
"07/12/2019","1,176.32","1,175.16","1,180.27","1,173.76","","0.18%"
"07/15/2019","1,179.41","1,177.41","1,182.25","1,176.82","","0.26%"
"07/16/2019","1,179.21","1,180.41","1,182.52","1,176.22","","-0.02%"
"07/17/2019","1,179.62","1,179.70","1,182.72","1,177.60","","0.03%"
"07/18/2019","1,171.78","1,180.62","1,184.08","1,172.28","","-0.66%"
"07/19/2019","1,175.11","1,172.78","1,176.84","1,169.86","","0.28%"
"07/22/2019","1,175.87","1,176.11","1,179.45","1,175.07","","0.06%"
"07/23/2019","1,178.89","1,176.87","1,180.80","1,175.32","","0.26%"
"07/24/2019","1,177.41","1,179.90","1,181.03","1,176.30","","-0.13%"
"07/25/2019","1,183.16","1,178.41","1,185.36","1,177.10","","0.49%"
"07/26/2019","1,183.24","1,184.16","1,186.65","1,181.75","","0.01%"
"07/29/2019","1,182.71","1,184.21","1,185.96","1,180.38","","-0.04%"
"07/30/2019","1,181.14","1,183.71","1,184.72","1,179.38","","-0.13%"
"07/31/2019","1,187.32","1,181.14","1,189.36","1,179.88","","0.52%"
"08/01/2019","1,195.38","1,188.32","1,198.32","1,185.88","","0.68%"
"08/02/2019","1,204.51","1,196.38","1,208.03","1,191.35","","0.76%"
"08/05/2019","1,217.33","1,204.94","1,221.29","1,202.40","","1.06%"
"08/06/2019","1,212.43","1,218.33","1,220.74","1,208.90","","-0.40%"
"08/07/2019","1,212.87","1,213.43","1,220.22","1,211.45","","0.04%"
"08/08/2019","1,207.08","1,213.01","1,216.46","1,206.16","","-0.48%"
"08/09/2019","1,213.45","1,208.08","1,217.28","1,207.15","","0.53%"
"08/12/2019","1,218.14","1,214.44","1,220.71","1,213.58","","0.39%"
"08/13/2019","1,205.64","1,219.14","1,224.55","1,205.64","","-1.03%"
"08/14/2019","1,215.86","1,206.64","1,218.96","1,206.05","","0.85%"
"08/15/2019","1,212.33","1,216.86","1,219.48","1,212.46","","-0.29%"
"08/16/2019","1,207.47","1,213.33","1,215.95","1,205.05","","-0.40%"
"08/19/2019","1,211.62","1,208.49","1,213.98","1,208.20","","0.34%"
"08/20/2019","1,205.40","1,212.62","1,214.20","1,205.40","","-0.51%"
"08/21/2019","1,201.44","1,206.40","1,210.03","1,198.69","","-0.33%"
"08/22/2019","1,209.42","1,202.49","1,212.36","1,201.99","","0.66%"
"08/23/2019","1,212.66","1,210.43","1,217.89","1,206.82","","0.27%"
"08/26/2019","1,211.74","1,213.65","1,220.70","1,212.11","","-0.08%"
"08/27/2019","1,211.74","1,212.74","1,215.85","1,210.25","","0.00%"
"08/28/2019","1,212.29","1,212.74","1,215.94","1,211.52","","0.05%"
"08/29/2019","1,208.12","1,213.29","1,217.39","1,207.76","","-0.34%"
"08/30/2019","1,209.50","1,209.12","1,212.05","1,206.24","","0.11%"
"09/02/2019","1,213.61","1,209.77","1,215.14","1,209.37","","0.34%"
"09/03/2019","1,210.54","1,214.67","1,217.50","1,210.78","","-0.25%"
"09/04/2019","1,203.63","1,211.54","1,212.27","1,203.21","","-0.57%"
"09/05/2019","1,197.52","1,204.64","1,205.54","1,195.87","","-0.51%"
"09/06/2019","1,191.77","1,198.03","1,199.30","1,189.46","","-0.48%"
"09/09/2019","1,191.93","1,192.62","1,195.36","1,188.77","","0.01%"
"09/10/2019","1,191.35","1,192.93","1,194.20","1,189.04","","-0.05%"
"09/11/2019","1,189.68","1,191.51","1,195.16","1,188.67","","-0.14%"
"09/12/2019","1,181.44","1,190.68","1,191.41","1,177.55","","-0.69%"
"09/13/2019","1,178.72","1,182.44","1,184.46","1,175.31","","-0.23%"
"09/16/2019","1,184.02","1,181.65","1,186.20","1,181.57","","0.45%"
"09/17/2019","1,186.62","1,185.02","1,191.65","1,183.60","","0.22%"
"09/18/2019","1,190.73","1,187.62","1,194.74","1,186.52","","0.35%"
"09/19/2019","1,194.35","1,191.78","1,197.34","1,190.12","","0.30%"
"09/20/2019","1,193.13","1,195.35","1,195.87","1,186.85","","-0.10%"
"09/23/2019","1,194.04","1,194.14","1,199.40","1,190.49","","0.08%"
"09/24/2019","1,194.53","1,195.04","1,198.53","1,191.99","","0.04%"
"09/25/2019","1,198.82","1,195.53","1,202.29","1,194.38","","0.36%"
"09/26/2019","1,199.46","1,199.82","1,202.91","1,197.52","","0.05%"
"09/27/2019","1,201.99","1,200.47","1,203.80","1,196.87","","0.21%"
"09/30/2019","1,198.09","1,202.90","1,203.80","1,195.30","","-0.32%"
"10/01/2019","1,202.37","1,199.09","1,204.33","1,196.11","","0.36%"
"10/02/2019","1,204.37","1,203.37","1,207.89","1,200.90","","0.17%"
"10/03/2019","1,200.89","1,205.37","1,206.80","1,200.91","","-0.29%"
"10/04/2019","1,191.25","1,201.89","1,203.18","1,191.46","","-0.80%"
"10/07/2019","1,196.33","1,192.30","1,198.70","1,192.20","","0.43%"
"10/08/2019","1,199.02","1,197.33","1,200.31","1,192.11","","0.22%"
"10/09/2019","1,197.50","1,200.02","1,200.24","1,196.07","","-0.13%"
"10/10/2019","1,189.46","1,198.50","1,201.71","1,188.94","","-0.67%"
"10/11/2019","1,182.48","1,190.46","1,192.62","1,177.83","","-0.59%"
"10/14/2019","1,183.70","1,182.50","1,187.06","1,180.51","","0.10%"
"10/15/2019","1,184.79","1,184.70","1,187.62","1,182.32","","0.09%"
"10/16/2019","1,185.51","1,184.88","1,190.95","1,183.64","","0.06%"
"10/17/2019","1,178.60","1,186.51","1,188.21","1,175.24","","-0.58%"
"10/18/2019","1,177.91","1,179.07","1,182.82","1,178.21","","-0.06%"
"10/21/2019","1,172.33","1,179.22","1,181.05","1,168.91","","-0.47%"
"10/22/2019","1,172.09","1,172.49","1,174.67","1,169.22","","-0.02%"
"10/23/2019","1,169.67","1,173.07","1,176.90","1,170.06","","-0.21%"
"10/24/2019","1,175.12","1,170.67","1,175.87","1,167.31","","0.47%"
"10/25/2019","1,171.66","1,175.21","1,176.18","1,171.22","","-0.29%"
"10/28/2019","1,167.61","1,171.50","1,172.10","1,167.53","","-0.35%"
"10/29/2019","1,167.39","1,168.62","1,170.12","1,162.61","","-0.02%"
"10/30/2019","1,164.41","1,167.55","1,170.85","1,164.32","","-0.26%"
"10/31/2019","1,169.24","1,165.41","1,171.56","1,159.17","","0.41%"
"11/01/2019","1,164.67","1,170.24","1,171.51","1,164.01","","-0.39%"
"11/04/2019","1,162.79","1,164.80","1,164.90","1,157.89","","-0.16%"
"11/05/2019","1,155.82","1,163.01","1,163.30","1,153.94","","-0.60%"
"11/06/2019","1,160.41","1,156.82","1,162.59","1,155.35","","0.40%"
"11/07/2019","1,154.31","1,161.60","1,163.28","1,152.73","","-0.53%"
"11/08/2019","1,158.60","1,155.31","1,159.91","1,153.73","","0.37%"
"11/11/2019","1,164.45","1,158.70","1,167.36","1,157.88","","0.50%"
"11/12/2019","1,165.53","1,165.46","1,166.99","1,159.85","","0.09%"
"11/13/2019","1,171.09","1,166.53","1,174.15","1,164.85","","0.48%"
"11/14/2019","1,168.08","1,171.48","1,173.17","1,168.20","","-0.26%"
"11/15/2019","1,162.65","1,169.08","1,169.90","1,163.06","","-0.46%"
"11/18/2019","1,166.23","1,163.70","1,168.16","1,162.19","","0.31%"
"11/19/2019","1,167.35","1,167.23","1,170.67","1,165.32","","0.10%"
"11/20/2019","1,169.82","1,168.35","1,172.71","1,167.33","","0.21%"
"11/21/2019","1,176.45","1,170.82","1,179.55","1,169.80","","0.57%"
"11/22/2019","1,179.33","1,176.74","1,181.01","1,174.97","","0.24%"
"11/25/2019","1,172.90","1,180.75","1,180.76","1,172.68","","-0.55%"
"11/26/2019","1,172.42","1,173.90","1,179.05","1,170.20","","-0.04%"
"11/27/2019","1,175.97","1,173.32","1,178.87","1,172.24","","0.30%"
"11/28/2019","1,178.09","1,176.98","1,181.03","1,175.87","","0.18%"
"11/29/2019","1,180.70","1,178.82","1,182.76","1,177.57","","0.22%"
"12/02/2019","1,184.78","1,181.42","1,187.30","1,177.71","","0.35%"
"12/03/2019","1,189.36","1,185.78","1,194.01","1,183.86","","0.39%"
"12/04/2019","1,191.15","1,189.77","1,196.21","1,188.67","","0.15%"
"12/05/2019","1,187.92","1,191.35","1,193.38","1,187.43","","-0.27%"
"12/06/2019","1,185.51","1,188.92","1,192.69","1,185.54","","-0.20%"
"12/09/2019","1,189.55","1,186.01","1,192.81","1,185.86","","0.34%"
"12/10/2019","1,189.49","1,190.54","1,194.32","1,189.20","","-0.01%"
"12/11/2019","1,188.61","1,190.49","1,195.59","1,189.15","","-0.07%"
"12/12/2019","1,171.89","1,189.61","1,192.16","1,170.51","","-1.41%"
"12/13/2019","1,175.57","1,172.89","1,179.03","1,168.32","","0.31%"
"12/16/2019","1,167.48","1,176.80","1,177.55","1,167.57","","-0.69%"
"12/17/2019","1,163.15","1,168.48","1,170.60","1,162.17","","-0.37%"
"12/18/2019","1,166.57","1,164.15","1,169.71","1,162.47","","0.29%"
"12/19/2019","1,162.27","1,166.71","1,168.10","1,162.31","","-0.37%"
"12/20/2019","1,158.99","1,163.27","1,165.87","1,158.16","","-0.28%"
"12/23/2019","1,163.04","1,159.39","1,164.90","1,159.04","","0.35%"
"12/24/2019","1,162.52","1,164.04","1,166.11","1,160.36","","-0.04%"
"12/25/2019","1,159.76","1,163.52","1,163.80","1,160.72","","-0.24%"
"12/26/2019","1,161.30","1,160.76","1,163.51","1,159.65","","0.13%"
"12/27/2019","1,158.95","1,162.33","1,162.78","1,158.12","","-0.20%"
"12/30/2019","1,156.97","1,160.70","1,161.03","1,154.49","","-0.17%"
"12/31/2019","1,154.07","1,157.97","1,159.00","1,152.94","","-0.25%"
"01/01/2020","1,154.02","1,155.07","1,155.32","1,154.09","","0.00%"
"01/02/2020","1,157.35","1,155.02","1,161.15","1,153.49","","0.29%"
"01/03/2020","1,164.95","1,157.95","1,168.83","1,155.70","","0.66%"
"01/06/2020","1,166.94","1,165.89","1,172.99","1,165.78","","0.17%"
"01/07/2020","1,167.30","1,167.54","1,168.83","1,163.12","","0.03%"
"01/08/2020","1,162.25","1,168.30","1,179.67","1,160.50","","-0.43%"
"01/09/2020","1,158.72","1,162.49","1,163.55","1,157.41","","-0.30%"
"01/10/2020","1,157.97","1,159.73","1,164.16","1,157.55","","-0.06%"
"01/13/2020","1,153.95","1,158.92","1,159.58","1,153.13","","-0.35%"
"01/14/2020","1,157.20","1,154.95","1,159.66","1,150.30","","0.28%"
"01/15/2020","1,157.91","1,158.20","1,162.80","1,155.85","","0.06%"
"01/16/2020","1,159.73","1,158.91","1,161.97","1,156.50","","0.16%"
"01/17/2020","1,160.44","1,160.73","1,161.93","1,155.97","","0.06%"
"01/20/2020","1,158.61","1,161.46","1,162.20","1,155.87","","-0.16%"
"01/21/2020","1,169.01","1,159.61","1,170.77","1,157.94","","0.90%"
"01/22/2020","1,164.76","1,170.01","1,170.20","1,162.01","","-0.36%"
"01/23/2020","1,168.54","1,165.76","1,170.76","1,164.29","","0.32%"
"01/24/2020","1,169.20","1,168.60","1,171.05","1,166.01","","0.06%"
"01/27/2020","1,176.70","1,170.24","1,179.72","1,170.10","","0.64%"
"01/28/2020","1,175.71","1,177.70","1,181.88","1,174.97","","-0.08%"
"01/29/2020","1,178.68","1,176.21","1,180.43","1,173.74","","0.25%"
"01/30/2020","1,187.64","1,179.68","1,193.67","1,178.22","","0.76%"
"01/31/2020","1,194.97","1,188.64","1,198.55","1,183.88","","0.62%"
"02/03/2020","1,189.79","1,195.96","1,199.44","1,190.17","","-0.43%"
"02/04/2020","1,182.90","1,190.81","1,194.28","1,183.24","","-0.58%"
"02/05/2020","1,183.40","1,183.90","1,192.90","1,180.18","","0.04%"
"02/06/2020","1,185.28","1,184.40","1,186.77","1,177.71","","0.16%"
"02/07/2020","1,191.39","1,186.28","1,196.29","1,184.72","","0.52%"
"02/10/2020","1,187.17","1,192.39","1,194.50","1,185.33","","-0.35%"
"02/11/2020","1,181.25","1,188.17","1,188.58","1,180.42","","-0.50%"
"02/12/2020","1,178.51","1,182.29","1,184.21","1,176.07","","-0.23%"
"02/13/2020","1,183.58","1,179.51","1,185.01","1,178.24","","0.43%"
"02/14/2020","1,182.46","1,184.59","1,185.85","1,180.49","","-0.09%"
"02/17/2020","1,185.25","1,183.44","1,185.88","1,179.19","","0.24%"
"02/18/2020","1,190.95","1,185.38","1,192.49","1,184.28","","0.48%"
"02/19/2020","1,192.50","1,191.05","1,193.90","1,187.50","","0.13%"
"02/20/2020","1,204.71","1,193.00","1,208.99","1,191.42","","1.02%"
"02/21/2020","1,206.91","1,205.21","1,215.26","1,202.95","","0.18%"
"02/24/2020","1,219.08","1,206.97","1,222.97","1,206.97","","1.01%"
"02/25/2020","1,215.54","1,219.17","1,220.33","1,208.84","","-0.29%"
"02/26/2020","1,212.31","1,216.04","1,220.63","1,211.83","","-0.27%"
"02/27/2020","1,212.63","1,212.81","1,218.82","1,206.76","","0.03%"
"02/28/2020","1,200.20","1,212.68","1,218.57","1,199.59","","-1.03%"
"03/02/2020","1,189.61","1,200.21","1,207.63","1,188.55","","-0.88%"
"03/03/2020","1,180.50","1,189.71","1,196.21","1,178.81","","-0.77%"
"03/04/2020","1,184.73","1,181.00","1,188.98","1,181.00","","0.36%"
"03/05/2020","1,188.72","1,185.23","1,193.09","1,179.85","","0.34%"
"03/06/2020","1,188.70","1,188.82","1,194.72","1,184.96","","0.00%"
"03/09/2020","1,200.88","1,188.70","1,206.60","1,188.60","","1.02%"
"03/10/2020","1,185.60","1,200.94","1,202.30","1,185.03","","-1.27%"
"03/11/2020","1,192.57","1,185.75","1,197.96","1,184.43","","0.59%"
"03/12/2020","1,210.71","1,192.71","1,214.17","1,191.15","","1.52%"
"03/13/2020","1,211.28","1,211.21","1,226.77","1,205.49","","0.05%"
"03/16/2020","1,232.37","1,211.70","1,233.72","1,209.32","","1.74%"
"03/17/2020","1,239.72","1,232.87","1,247.21","1,232.45","","0.60%"
"03/18/2020","1,256.46","1,239.76","1,269.15","1,231.60","","1.35%"
"03/19/2020","1,257.86","1,256.50","1,292.93","1,247.45","","0.11%"
"03/20/2020","1,254.45","1,258.36","1,264.61","1,237.22","","-0.27%"
"03/23/2020","1,272.50","1,254.85","1,283.05","1,254.40","","1.44%"
"03/24/2020","1,233.21","1,273.00","1,273.04","1,232.90","","-3.09%"
"03/25/2020","1,232.00","1,234.21","1,239.08","1,226.07","","-0.10%"
"03/26/2020","1,212.90","1,233.00","1,235.43","1,212.48","","-1.55%"
"03/27/2020","1,212.23","1,213.40","1,227.29","1,205.31","","-0.06%"
"03/30/2020","1,224.21","1,212.73","1,227.21","1,212.18","","0.99%"
"03/31/2020","1,218.30","1,224.71","1,225.22","1,214.28","","-0.48%"
"04/01/2020","1,236.20","1,218.80","1,239.26","1,216.80","","1.47%"
"04/02/2020","1,227.35","1,236.70","1,243.29","1,225.56","","-0.72%"
"04/03/2020","1,235.61","1,227.85","1,240.65","1,224.18","","0.67%"
"04/06/2020","1,224.60","1,236.42","1,239.51","1,223.59","","-0.89%"
"04/07/2020","1,214.93","1,224.64","1,225.56","1,208.78","","-0.79%"
"04/08/2020","1,215.76","1,215.43","1,223.19","1,214.09","","0.07%"
"04/09/2020","1,210.58","1,216.26","1,222.37","1,208.67","","-0.43%"
"04/10/2020","1,211.05","1,211.11","1,216.10","1,206.64","","0.04%"
"04/13/2020","1,215.46","1,212.04","1,221.71","1,211.59","","0.36%"
"04/14/2020","1,212.46","1,215.97","1,219.45","1,211.32","","-0.25%"
"04/15/2020","1,224.68","1,212.50","1,225.77","1,209.62","","1.01%"
"04/16/2020","1,228.94","1,224.72","1,230.53","1,222.95","","0.35%"
"04/17/2020","1,216.13","1,228.98","1,229.45","1,213.95","","-1.04%"
"04/20/2020","1,220.58","1,216.26","1,222.63","1,214.72","","0.37%"
"04/21/2020","1,232.56","1,220.62","1,241.83","1,220.12","","0.98%"
"04/22/2020","1,233.55","1,233.53","1,237.91","1,229.92","","0.08%"
"04/23/2020","1,233.04","1,234.05","1,237.24","1,227.72","","-0.04%"
"04/24/2020","1,230.53","1,233.54","1,238.24","1,229.93","","-0.20%"
"04/27/2020","1,222.05","1,230.50","1,235.10","1,220.81","","-0.69%"
"04/28/2020","1,221.31","1,222.64","1,227.96","1,216.86","","-0.06%"
"04/29/2020","1,210.99","1,221.81","1,223.45","1,210.42","","-0.84%"
"04/30/2020","1,212.94","1,211.11","1,215.69","1,203.51","","0.16%"
"05/01/2020","1,224.89","1,213.94","1,225.87","1,213.10","","0.99%"
"05/04/2020","1,224.14","1,224.80","1,230.53","1,223.36","","-0.06%"
"05/05/2020","1,222.47","1,224.18","1,224.82","1,218.20","","-0.14%"
"05/06/2020","1,228.55","1,222.57","1,230.03","1,220.57","","0.50%"
"05/07/2020","1,219.61","1,229.60","1,230.07","1,217.09","","-0.73%"
"05/08/2020","1,219.65","1,220.11","1,221.82","1,214.51","","0.00%"
"05/11/2020","1,222.91","1,219.70","1,226.18","1,214.18","","0.27%"
"05/12/2020","1,226.64","1,223.41","1,228.96","1,220.19","","0.31%"
"05/13/2020","1,227.37","1,226.84","1,229.40","1,222.17","","0.06%"
"05/14/2020","1,227.03","1,227.51","1,234.03","1,226.12","","-0.03%"
"05/15/2020","1,232.69","1,227.53","1,235.59","1,226.30","","0.46%"
"05/18/2020","1,225.13","1,233.09","1,235.04","1,224.44","","-0.61%"
"05/19/2020","1,225.04","1,225.27","1,227.55","1,221.06","","-0.01%"
"05/20/2020","1,227.26","1,225.18","1,232.70","1,224.17","","0.18%"
"05/21/2020","1,233.19","1,227.40","1,234.52","1,226.44","","0.48%"
"05/22/2020","1,240.59","1,233.27","1,244.51","1,232.82","","0.60%"
"05/25/2020","1,240.45","1,240.56","1,244.89","1,237.62","","-0.01%"
"05/26/2020","1,230.90","1,240.95","1,242.71","1,230.11","","-0.77%"
"05/27/2020","1,238.19","1,230.99","1,239.51","1,230.43","","0.59%"
"05/28/2020","1,237.97","1,238.26","1,242.59","1,233.72","","-0.02%"
"05/29/2020","1,231.49","1,238.03","1,240.71","1,230.18","","-0.52%"
"06/01/2020","1,222.92","1,231.47","1,232.20","1,221.74","","-0.70%"
"06/02/2020","1,219.62","1,223.05","1,227.33","1,216.33","","-0.27%"
"06/03/2020","1,215.79","1,220.12","1,220.67","1,214.12","","-0.31%"
"06/04/2020","1,216.39","1,215.95","1,220.20","1,212.95","","0.05%"
"06/05/2020","1,202.02","1,216.54","1,218.76","1,200.36","","-1.18%"
"06/08/2020","1,195.35","1,201.85","1,205.88","1,193.92","","-0.55%"
"06/09/2020","1,198.40","1,195.90","1,202.93","1,194.99","","0.26%"
"06/10/2020","1,190.67","1,198.52","1,200.79","1,184.24","","-0.65%"
"06/11/2020","1,206.10","1,190.79","1,208.40","1,188.11","","1.30%"
"06/12/2020","1,203.66","1,206.21","1,210.49","1,200.61","","-0.20%"
"06/15/2020","1,208.55","1,203.61","1,217.13","1,203.16","","0.41%"
"06/16/2020","1,211.79","1,208.65","1,215.22","1,204.10","","0.27%"
"06/17/2020","1,215.41","1,212.29","1,219.26","1,210.36","","0.30%"
"06/18/2020","1,212.50","1,215.53","1,218.09","1,207.76","","-0.24%"
"06/19/2020","1,211.83","1,212.60","1,214.16","1,205.62","","-0.06%"
"06/22/2020","1,209.41","1,211.89","1,216.35","1,208.77","","-0.20%"
"06/23/2020","1,207.46","1,209.53","1,216.40","1,205.47","","-0.16%"
"06/24/2020","1,206.08","1,208.45","1,208.87","1,198.71","","-0.11%"
"06/25/2020","1,202.21","1,206.20","1,209.08","1,200.91","","-0.32%"
"06/26/2020","1,203.80","1,202.37","1,204.83","1,197.00","","0.13%"
"06/29/2020","1,199.16","1,203.63","1,205.96","1,197.46","","-0.39%"
"06/30/2020","1,199.28","1,199.66","1,204.68","1,195.09","","0.01%"
"07/01/2020","1,201.51","1,199.44","1,205.05","1,197.92","","0.19%"
"07/02/2020","1,198.75","1,201.67","1,204.15","1,196.68","","-0.23%"
"07/03/2020","1,198.93","1,199.25","1,202.47","1,197.77","","0.02%"
"07/06/2020","1,191.92","1,199.66","1,200.11","1,191.11","","-0.58%"
"07/07/2020","1,196.75","1,192.04","1,197.78","1,189.24","","0.41%"
"07/08/2020","1,192.05","1,196.84","1,199.53","1,192.09","","-0.39%"
"07/09/2020","1,196.98","1,192.68","1,199.13","1,191.04","","0.41%"
"07/10/2020","1,200.42","1,197.07","1,206.03","1,196.18","","0.29%"
"07/13/2020","1,203.37","1,200.52","1,204.49","1,198.70","","0.25%"
"07/14/2020","1,204.89","1,203.87","1,208.74","1,203.07","","0.13%"
"07/15/2020","1,200.50","1,205.01","1,205.49","1,198.80","","-0.36%"
"07/16/2020","1,205.11","1,201.00","1,207.60","1,200.09","","0.38%"
"07/17/2020","1,203.44","1,205.23","1,207.35","1,202.92","","-0.14%"
"07/20/2020","1,200.90","1,203.53","1,206.93","1,200.46","","-0.21%"
"07/21/2020","1,193.92","1,201.02","1,202.02","1,192.34","","-0.58%"
"07/22/2020","1,197.22","1,194.03","1,199.91","1,192.29","","0.28%"
"07/23/2020","1,201.45","1,197.38","1,203.85","1,195.59","","0.35%"
"07/24/2020","1,201.50","1,201.95","1,204.60","1,198.72","","0.00%"
"07/27/2020","1,195.57","1,201.49","1,202.33","1,194.12","","-0.49%"
"07/28/2020","1,199.46","1,196.07","1,202.16","1,190.10","","0.33%"
"07/29/2020","1,189.79","1,199.54","1,200.05","1,189.76","","-0.81%"
"07/30/2020","1,189.62","1,190.04","1,198.22","1,187.59","","-0.01%"
"07/31/2020","1,193.59","1,189.73","1,196.12","1,186.26","","0.33%"
"08/03/2020","1,192.59","1,194.10","1,196.79","1,191.31","","-0.08%"
"08/04/2020","1,193.20","1,192.71","1,197.12","1,191.18","","0.05%"
"08/05/2020","1,186.05","1,193.32","1,193.81","1,183.32","","-0.60%"
"08/06/2020","1,183.50","1,186.24","1,187.47","1,182.51","","-0.22%"
"08/07/2020","1,188.68","1,184.00","1,191.28","1,183.08","","0.44%"
"08/10/2020","1,185.58","1,189.19","1,189.64","1,183.90","","-0.26%"
"08/11/2020","1,185.62","1,186.08","1,187.97","1,181.70","","0.00%"
"08/12/2020","1,183.23","1,186.12","1,187.77","1,182.33","","-0.20%"
"08/13/2020","1,184.92","1,183.74","1,186.33","1,181.24","","0.14%"
"08/14/2020","1,186.94","1,185.15","1,188.05","1,183.92","","0.17%"
"08/17/2020","1,183.19","1,185.90","1,187.26","1,183.63","","-0.32%"
"08/18/2020","1,182.70","1,184.14","1,186.70","1,182.89","","-0.04%"
"08/19/2020","1,181.74","1,183.79","1,184.58","1,176.04","","-0.08%"
"08/20/2020","1,185.24","1,182.24","1,190.91","1,181.53","","0.30%"
"08/21/2020","1,191.72","1,185.37","1,193.51","1,183.11","","0.55%"
"08/24/2020","1,188.66","1,192.12","1,193.03","1,186.47","","-0.26%"
"08/25/2020","1,187.35","1,189.04","1,190.22","1,184.71","","-0.11%"
"08/26/2020","1,184.39","1,187.48","1,188.95","1,184.16","","-0.25%"
"08/27/2020","1,187.44","1,184.79","1,188.51","1,182.82","","0.26%"
"08/28/2020","1,180.48","1,187.57","1,188.29","1,180.03","","-0.59%"
"08/31/2020","1,187.94","1,180.51","1,188.87","1,178.91","","0.63%"
"09/01/2020","1,185.45","1,188.08","1,188.69","1,181.68","","-0.21%"
"09/02/2020","1,189.13","1,185.58","1,191.72","1,184.18","","0.31%"
"09/03/2020","1,191.48","1,189.63","1,192.56","1,185.47","","0.20%"
"09/04/2020","1,187.30","1,191.73","1,193.22","1,186.94","","-0.35%"
"09/07/2020","1,187.27","1,187.33","1,189.67","1,185.85","","0.00%"
"09/08/2020","1,190.10","1,187.77","1,190.87","1,185.80","","0.24%"
"09/09/2020","1,184.79","1,190.23","1,191.78","1,184.05","","-0.45%"
"09/10/2020","1,188.11","1,184.92","1,188.73","1,183.88","","0.28%"
"09/11/2020","1,187.89","1,188.21","1,190.27","1,185.60","","-0.02%"
"09/14/2020","1,181.51","1,187.99","1,188.86","1,180.22","","-0.54%"
"09/15/2020","1,179.76","1,181.89","1,183.53","1,176.74","","-0.15%"
"09/16/2020","1,172.88","1,180.26","1,181.93","1,169.90","","-0.58%"
"09/17/2020","1,169.20","1,172.97","1,178.18","1,168.43","","-0.31%"
"09/18/2020","1,164.81","1,169.70","1,170.78","1,159.40","","-0.38%"
"09/21/2020","1,163.61","1,165.00","1,168.32","1,156.46","","-0.10%"
"09/22/2020","1,163.61","1,164.84","1,166.03","1,158.93","","0.00%"
"09/23/2020","1,170.65","1,163.65","1,172.47","1,160.69","","0.61%"
"09/24/2020","1,169.10","1,170.78","1,176.30","1,167.08","","-0.13%"
"09/25/2020","1,174.32","1,169.60","1,178.03","1,168.36","","0.45%"
"09/28/2020","1,166.85","1,174.45","1,175.24","1,166.80","","-0.64%"
"09/29/2020","1,168.73","1,167.35","1,171.60","1,166.38","","0.16%"
"09/30/2020","1,164.65","1,168.82","1,171.58","1,163.74","","-0.35%"
"10/01/2020","1,162.83","1,164.75","1,165.85","1,160.70","","-0.16%"
"10/02/2020","1,166.26","1,162.93","1,168.28","1,162.18","","0.29%"
"10/05/2020","1,157.12","1,166.36","1,167.33","1,156.60","","-0.78%"
"10/06/2020","1,164.37","1,157.29","1,166.07","1,156.42","","0.63%"
"10/07/2020","1,157.26","1,164.87","1,166.57","1,156.14","","-0.61%"
"10/08/2020","1,151.11","1,157.38","1,159.32","1,150.43","","-0.53%"
"10/09/2020","1,143.52","1,151.22","1,151.87","1,141.86","","-0.66%"
"10/12/2020","1,147.79","1,143.65","1,152.14","1,143.11","","0.37%"
"10/13/2020","1,148.30","1,148.29","1,151.93","1,144.46","","0.04%"
"10/14/2020","1,147.14","1,148.80","1,150.00","1,142.28","","-0.10%"
"10/15/2020","1,145.14","1,147.21","1,149.46","1,141.53","","-0.17%"
"10/16/2020","1,142.13","1,145.23","1,148.14","1,140.74","","-0.26%"
"10/19/2020","1,140.06","1,142.21","1,143.96","1,137.26","","-0.18%"
"10/20/2020","1,138.39","1,140.63","1,141.88","1,137.25","","-0.15%"
"10/21/2020","1,132.54","1,138.77","1,140.11","1,130.62","","-0.51%"
"10/22/2020","1,134.74","1,133.07","1,137.55","1,131.96","","0.19%"
"10/23/2020","1,127.95","1,135.14","1,136.94","1,126.23","","-0.60%"
"10/26/2020","1,132.44","1,128.45","1,134.16","1,127.06","","0.40%"
"10/27/2020","1,129.21","1,132.51","1,133.43","1,124.70","","-0.29%"
"10/28/2020","1,134.93","1,129.28","1,138.97","1,126.57","","0.51%"
"10/29/2020","1,130.06","1,135.14","1,136.09","1,130.20","","-0.43%"
"10/30/2020","1,136.49","1,130.56","1,139.16","1,126.24","","0.57%"
"11/02/2020","1,132.95","1,136.61","1,137.60","1,132.59","","-0.31%"
"11/03/2020","1,131.32","1,133.11","1,137.16","1,129.79","","-0.14%"
"11/04/2020","1,127.65","1,131.39","1,147.83","1,125.47","","-0.32%"
"11/05/2020","1,122.88","1,129.66","1,134.41","1,121.60","","-0.42%"
"11/06/2020","1,121.40","1,123.38","1,127.18","1,118.45","","-0.13%"
"11/09/2020","1,119.06","1,121.91","1,122.35","1,110.42","","-0.21%"
"11/10/2020","1,117.07","1,119.45","1,120.29","1,113.61","","-0.18%"
"11/11/2020","1,112.39","1,117.21","1,118.13","1,108.93","","-0.42%"
"11/12/2020","1,114.86","1,112.49","1,116.32","1,110.46","","0.22%"
"11/13/2020","1,107.62","1,115.03","1,117.12","1,107.03","","-0.65%"
"11/16/2020","1,107.04","1,108.25","1,110.56","1,105.09","","-0.05%"
"11/17/2020","1,105.38","1,107.16","1,108.39","1,103.99","","-0.15%"
"11/18/2020","1,106.17","1,105.79","1,107.84","1,101.62","","0.07%"
"11/19/2020","1,113.59","1,106.67","1,119.09","1,106.09","","0.67%"
"11/20/2020","1,114.95","1,114.09","1,117.87","1,112.30","","0.12%"
"11/23/2020","1,113.51","1,115.08","1,116.82","1,109.91","","-0.13%"
"11/24/2020","1,110.24","1,114.01","1,114.68","1,108.08","","-0.29%"
"11/25/2020","1,106.21","1,110.64","1,111.51","1,104.70","","-0.36%"
"11/26/2020","1,105.57","1,106.34","1,108.77","1,103.13","","-0.06%"
"11/27/2020","1,104.43","1,106.07","1,107.47","1,102.43","","-0.10%"
"11/30/2020","1,109.32","1,105.02","1,110.34","1,103.20","","0.44%"
"12/01/2020","1,105.73","1,109.82","1,110.35","1,105.21","","-0.32%"
"12/02/2020","1,100.02","1,106.23","1,107.01","1,099.22","","-0.52%"
"12/03/2020","1,092.08","1,100.16","1,101.91","1,089.70","","-0.72%"
"12/04/2020","1,083.77","1,092.21","1,093.71","1,080.57","","-0.76%"
"12/07/2020","1,083.53","1,083.87","1,088.35","1,080.39","","-0.02%"
"12/08/2020","1,084.86","1,084.53","1,087.79","1,082.49","","0.12%"
"12/09/2020","1,086.48","1,085.79","1,088.97","1,080.82","","0.15%"
"12/10/2020","1,085.55","1,087.38","1,091.93","1,084.12","","-0.09%"
"12/11/2020","1,091.67","1,087.34","1,094.55","1,085.27","","0.56%"
"12/14/2020","1,093.07","1,091.80","1,094.91","1,088.85","","0.13%"
"12/15/2020","1,089.43","1,093.32","1,096.14","1,088.49","","-0.33%"
"12/16/2020","1,092.36","1,089.56","1,096.55","1,088.05","","0.27%"
"12/17/2020","1,093.01","1,094.12","1,095.43","1,090.26","","0.06%"
"12/18/2020","1,099.39","1,094.01","1,100.78","1,092.35","","0.58%"
"12/21/2020","1,102.55","1,099.48","1,112.74","1,097.95","","0.29%"
"12/22/2020","1,109.72","1,104.31","1,111.05","1,102.46","","0.65%"
"12/23/2020","1,106.65","1,109.95","1,111.05","1,104.68","","-0.28%"
"12/24/2020","1,101.59","1,106.87","1,107.47","1,100.49","","-0.46%"
"12/25/2020","1,099.07","1,102.66","1,102.82","1,100.03","","-0.23%"
"12/28/2020","1,095.60","1,100.08","1,103.55","1,093.51","","-0.32%"
"12/29/2020","1,090.97","1,097.30","1,098.57","1,090.63","","-0.42%"
"12/30/2020","1,087.62","1,091.97","1,093.92","1,084.51","","-0.31%"
"12/31/2020","1,084.47","1,088.43","1,090.35","1,082.97","","-0.29%"
"01/01/2021","1,084.73","1,085.70","1,086.11","1,085.25","","0.02%"
"01/04/2021","1,086.48","1,085.73","1,088.30","1,080.02","","0.16%"
"01/05/2021","1,086.42","1,086.70","1,090.33","1,082.03","","-0.01%"
"01/06/2021","1,087.93","1,087.40","1,089.79","1,083.91","","0.14%"
"01/07/2021","1,094.28","1,088.03","1,096.78","1,085.42","","0.58%"
"01/08/2021","1,092.93","1,094.35","1,099.21","1,088.79","","-0.12%"
"01/11/2021","1,097.23","1,093.01","1,101.05","1,092.74","","0.39%"
"01/12/2021","1,094.48","1,097.38","1,103.46","1,092.97","","-0.25%"
"01/13/2021","1,097.12","1,094.61","1,099.34","1,092.37","","0.24%"
"01/14/2021","1,095.88","1,098.11","1,103.42","1,093.93","","-0.11%"
"01/15/2021","1,103.27","1,096.04","1,105.34","1,094.93","","0.67%"
"01/18/2021","1,102.52","1,104.26","1,108.42","1,102.28","","-0.07%"
"01/19/2021","1,101.44","1,104.18","1,106.17","1,100.21","","-0.10%"
"01/20/2021","1,096.35","1,102.44","1,103.39","1,096.88","","-0.46%"
"01/21/2021","1,099.88","1,097.35","1,102.67","1,096.59","","0.32%"
"01/22/2021","1,105.41","1,099.97","1,107.29","1,098.95","","0.50%"
"01/25/2021","1,102.58","1,105.54","1,105.92","1,100.05","","-0.26%"
"01/26/2021","1,101.02","1,102.69","1,108.24","1,100.47","","-0.14%"
"01/27/2021","1,108.38","1,102.01","1,109.90","1,100.87","","0.67%"
"01/28/2021","1,112.52","1,108.42","1,121.37","1,107.49","","0.37%"
"01/29/2021","1,117.64","1,113.24","1,121.76","1,112.15","","0.46%"
"02/01/2021","1,116.51","1,118.43","1,120.98","1,115.55","","-0.10%"
"02/02/2021","1,115.37","1,117.45","1,119.71","1,113.65","","-0.10%"
"02/03/2021","1,113.46","1,115.51","1,117.25","1,111.80","","-0.17%"
"02/04/2021","1,120.00","1,113.59","1,122.74","1,112.48","","0.59%"
"02/05/2021","1,116.77","1,120.11","1,127.86","1,116.22","","-0.29%"
"02/08/2021","1,115.61","1,117.76","1,122.17","1,116.05","","-0.10%"
"02/09/2021","1,110.88","1,117.30","1,118.75","1,110.08","","-0.42%"
"02/10/2021","1,105.48","1,111.01","1,114.16","1,103.60","","-0.49%"
"02/11/2021","1,102.12","1,106.48","1,108.01","1,102.05","","-0.30%"
"02/12/2021","1,102.59","1,103.12","1,107.59","1,101.74","","0.04%"
"02/15/2021","1,101.31","1,104.37","1,106.00","1,100.70","","-0.12%"
"02/16/2021","1,106.58","1,102.31","1,109.55","1,096.91","","0.48%"
"02/17/2021","1,105.61","1,107.58","1,110.81","1,104.49","","-0.09%"
"02/18/2021","1,106.96","1,106.50","1,110.15","1,103.19","","0.12%"
"02/19/2021","1,104.27","1,107.09","1,111.28","1,102.22","","-0.24%"
"02/22/2021","1,111.59","1,106.02","1,116.11","1,102.84","","0.66%"
"02/23/2021","1,110.13","1,112.58","1,114.82","1,108.24","","-0.13%"
"02/24/2021","1,107.27","1,110.22","1,113.75","1,106.08","","-0.26%"
"02/25/2021","1,118.77","1,107.54","1,121.62","1,105.70","","1.04%"
"02/26/2021","1,123.89","1,119.47","1,130.34","1,118.41","","0.46%"
"03/01/2021","1,113.33","1,124.89","1,125.15","1,113.10","","-0.94%"
"03/02/2021","1,125.01","1,113.53","1,128.28","1,102.06","","1.05%"
"03/03/2021","1,126.05","1,125.29","1,128.05","1,116.96","","0.09%"
"03/04/2021","1,130.87","1,127.05","1,133.05","1,123.36","","0.43%"
"03/05/2021","1,128.00","1,131.03","1,137.27","1,124.04","","-0.25%"
"03/08/2021","1,140.83","1,128.85","1,144.07","1,127.06","","1.14%"
"03/09/2021","1,134.91","1,141.83","1,144.85","1,133.38","","-0.52%"
"03/10/2021","1,135.91","1,135.91","1,145.60","1,135.31","","0.09%"
"03/11/2021","1,130.35","1,136.91","1,140.99","1,128.90","","-0.49%"
"03/12/2021","1,136.00","1,130.85","1,139.35","1,127.27","","0.50%"
"03/15/2021","1,132.35","1,136.50","1,138.78","1,130.92","","-0.32%"
"03/16/2021","1,129.00","1,132.85","1,135.91","1,128.14","","-0.30%"
"03/17/2021","1,121.21","1,129.93","1,134.31","1,120.65","","-0.69%"
"03/18/2021","1,127.75","1,121.91","1,131.30","1,120.04","","0.58%"
"03/19/2021","1,129.12","1,128.25","1,134.80","1,125.31","","0.12%"
"03/22/2021","1,126.00","1,129.47","1,134.01","1,125.61","","-0.28%"
"03/23/2021","1,132.90","1,126.49","1,134.48","1,125.02","","0.61%"
"03/24/2021","1,134.90","1,133.40","1,135.96","1,130.24","","0.18%"
"03/25/2021","1,135.12","1,135.40","1,138.02","1,131.93","","0.02%"
"03/26/2021","1,128.52","1,135.24","1,136.09","1,128.07","","-0.58%"
"03/29/2021","1,131.56","1,128.95","1,136.41","1,128.76","","0.27%"
"03/30/2021","1,132.59","1,132.56","1,136.28","1,131.42","","0.09%"
"03/31/2021","1,127.17","1,133.54","1,134.68","1,125.32","","-0.48%"
"04/01/2021","1,128.72","1,127.97","1,133.82","1,125.32","","0.14%"
"04/02/2021","1,128.64","1,128.87","1,130.38","1,126.28","","-0.01%"
"04/05/2021","1,124.18","1,129.69","1,130.03","1,122.45","","-0.40%"
"04/06/2021","1,119.17","1,125.04","1,125.68","1,116.58","","-0.45%"
"04/07/2021","1,119.03","1,119.29","1,120.36","1,114.67","","-0.01%"
"04/08/2021","1,115.83","1,119.21","1,121.57","1,114.59","","-0.29%"
"04/09/2021","1,120.98","1,116.75","1,122.59","1,113.15","","0.46%"
"04/12/2021","1,124.32","1,121.76","1,127.28","1,120.28","","0.30%"
"04/13/2021","1,121.37","1,125.23","1,128.42","1,120.38","","-0.26%"
"04/14/2021","1,116.08","1,121.55","1,123.91","1,112.10","","-0.47%"
"04/15/2021","1,116.68","1,116.26","1,119.82","1,113.01","","0.05%"
"04/16/2021","1,116.50","1,116.86","1,121.57","1,113.05","","-0.02%"
"04/19/2021","1,115.33","1,117.05","1,120.26","1,112.94","","-0.10%"
"04/20/2021","1,117.28","1,115.51","1,119.74","1,110.29","","0.17%"
"04/21/2021","1,116.35","1,117.46","1,121.61","1,114.78","","-0.08%"
"04/22/2021","1,118.79","1,116.70","1,121.70","1,114.13","","0.22%"
"04/23/2021","1,114.72","1,120.18","1,121.54","1,113.95","","-0.36%"
"04/26/2021","1,110.27","1,115.85","1,116.95","1,108.96","","-0.40%"
"04/27/2021","1,113.33","1,110.44","1,114.55","1,108.27","","0.28%"
"04/28/2021","1,109.88","1,113.43","1,115.51","1,108.31","","-0.31%"
"04/29/2021","1,107.63","1,110.06","1,111.17","1,105.30","","-0.20%"
"04/30/2021","1,117.16","1,107.81","1,119.46","1,106.52","","0.86%"
"05/03/2021","1,120.34","1,117.76","1,124.94","1,115.51","","0.28%"
"05/04/2021","1,125.77","1,120.50","1,128.92","1,118.84","","0.48%"
"05/05/2021","1,124.72","1,125.95","1,128.30","1,122.18","","-0.09%"
"05/06/2021","1,120.28","1,125.02","1,127.01","1,119.63","","-0.39%"
"05/07/2021","1,111.23","1,120.46","1,123.67","1,109.48","","-0.81%"
"05/10/2021","1,116.68","1,112.97","1,118.10","1,110.49","","0.49%"
"05/11/2021","1,119.58","1,116.83","1,122.39","1,114.95","","0.26%"
"05/12/2021","1,132.73","1,119.67","1,133.94","1,118.74","","1.17%"
"05/13/2021","1,126.73","1,132.92","1,136.13","1,126.17","","-0.53%"
"05/14/2021","1,125.79","1,126.89","1,131.31","1,125.23","","-0.08%"
"05/17/2021","1,136.73","1,126.51","1,139.74","1,125.95","","0.97%"
"05/18/2021","1,126.93","1,136.91","1,139.74","1,125.64","","-0.86%"
"05/19/2021","1,131.18","1,127.08","1,133.31","1,124.61","","0.38%"
"05/20/2021","1,127.66","1,131.36","1,134.41","1,127.17","","-0.31%"
"05/21/2021","1,127.63","1,127.99","1,129.37","1,122.24","","0.00%"
"05/24/2021","1,123.48","1,127.86","1,129.61","1,122.80","","-0.37%"
"05/25/2021","1,122.36","1,123.60","1,126.55","1,120.36","","-0.10%"
"05/26/2021","1,116.61","1,122.53","1,123.49","1,114.67","","-0.51%"
"05/27/2021","1,118.55","1,116.79","1,120.33","1,115.07","","0.17%"
"05/28/2021","1,113.08","1,118.72","1,119.36","1,112.86","","-0.49%"
"05/31/2021","1,106.58","1,113.84","1,117.42","1,106.50","","-0.58%"
"06/01/2021","1,108.38","1,108.09","1,110.60","1,104.69","","0.16%"
"06/02/2021","1,110.92","1,108.49","1,114.81","1,106.78","","0.23%"
"06/03/2021","1,116.46","1,111.10","1,118.83","1,108.87","","0.50%"
"06/04/2021","1,110.52","1,116.64","1,119.51","1,108.77","","-0.53%"
"06/07/2021","1,110.62","1,110.68","1,114.53","1,109.08","","0.01%"
"06/08/2021","1,117.72","1,110.80","1,118.82","1,108.99","","0.64%"
"06/09/2021","1,115.61","1,117.72","1,119.02","1,112.30","","-0.19%"
"06/10/2021","1,112.32","1,117.03","1,119.26","1,111.93","","-0.29%"
"06/11/2021","1,116.40","1,112.56","1,118.54","1,109.25","","0.37%"
"06/14/2021","1,116.33","1,116.55","1,120.05","1,114.45","","-0.01%"
"06/15/2021","1,117.09","1,117.33","1,119.39","1,116.14","","0.07%"
"06/16/2021","1,132.68","1,118.09","1,137.17","1,115.74","","1.40%"
"06/17/2021","1,134.30","1,132.84","1,137.00","1,127.36","","0.14%"
"06/18/2021","1,134.94","1,134.47","1,138.14","1,128.06","","0.06%"
"06/21/2021","1,131.40","1,135.24","1,139.47","1,130.91","","-0.31%"
"06/22/2021","1,133.57","1,131.57","1,138.81","1,130.35","","0.19%"
"06/23/2021","1,135.85","1,133.73","1,138.63","1,131.17","","0.20%"
"06/24/2021","1,130.78","1,136.03","1,138.69","1,129.97","","-0.45%"
"06/25/2021","1,127.12","1,131.87","1,133.11","1,124.10","","-0.32%"
"06/28/2021","1,130.04","1,127.34","1,132.68","1,126.58","","0.26%"
"06/29/2021","1,131.62","1,130.22","1,134.76","1,127.65","","0.14%"
"06/30/2021","1,130.48","1,131.80","1,132.89","1,125.59","","-0.10%"
"07/01/2021","1,134.33","1,130.63","1,135.98","1,128.28","","0.34%"
"07/02/2021","1,130.53","1,134.51","1,138.61","1,129.60","","-0.33%"
"07/05/2021","1,130.42","1,130.77","1,132.72","1,128.13","","-0.01%"
"07/06/2021","1,136.75","1,130.60","1,139.97","1,129.03","","0.56%"
"07/07/2021","1,141.50","1,136.93","1,144.26","1,135.03","","0.42%"
"07/08/2021","1,146.59","1,141.65","1,151.70","1,139.55","","0.45%"
"07/09/2021","1,143.73","1,146.80","1,150.52","1,143.18","","-0.25%"
"07/12/2021","1,146.85","1,145.31","1,150.07","1,144.18","","0.27%"
"07/13/2021","1,149.94","1,147.18","1,152.90","1,141.22","","0.27%"
"07/14/2021","1,144.22","1,150.12","1,152.26","1,142.63","","-0.50%"
"07/15/2021","1,141.59","1,144.37","1,148.30","1,138.93","","-0.23%"
"07/16/2021","1,141.51","1,141.76","1,144.28","1,137.99","","-0.01%"
"07/19/2021","1,150.83","1,142.50","1,155.60","1,141.86","","0.82%"
"07/20/2021","1,147.47","1,151.92","1,153.07","1,146.55","","-0.29%"
"07/21/2021","1,149.31","1,148.47","1,156.44","1,147.08","","0.16%"
"07/22/2021","1,150.55","1,149.49","1,153.12","1,146.86","","0.11%"
"07/23/2021","1,151.52","1,150.86","1,155.41","1,147.15","","0.08%"
"07/26/2021","1,152.54","1,152.12","1,157.24","1,151.26","","0.09%"
"07/27/2021","1,154.25","1,152.71","1,158.65","1,148.86","","0.15%"
"07/28/2021","1,150.27","1,154.44","1,159.96","1,149.24","","-0.34%"
"07/29/2021","1,143.12","1,150.44","1,152.12","1,140.48","","-0.62%"
"07/30/2021","1,151.41","1,143.30","1,154.78","1,142.04","","0.73%"
"08/02/2021","1,150.18","1,151.90","1,154.61","1,148.51","","-0.11%"
"08/03/2021","1,148.44","1,150.36","1,153.91","1,146.59","","-0.15%"
"08/04/2021","1,144.76","1,148.63","1,149.72","1,140.02","","-0.32%"
"08/05/2021","1,142.59","1,144.94","1,146.85","1,140.62","","-0.19%"
"08/06/2021","1,144.93","1,142.95","1,148.28","1,140.15","","0.20%"
"08/09/2021","1,146.89","1,145.93","1,148.87","1,142.35","","0.17%"
"08/10/2021","1,152.70","1,147.07","1,154.29","1,145.78","","0.51%"
"08/11/2021","1,153.98","1,152.90","1,159.70","1,151.89","","0.11%"
"08/12/2021","1,162.98","1,154.16","1,166.15","1,152.97","","0.78%"
"08/13/2021","1,161.37","1,163.16","1,171.15","1,160.38","","-0.14%"
"08/16/2021","1,165.28","1,162.37","1,168.81","1,161.47","","0.34%"
"08/17/2021","1,177.30","1,165.45","1,179.80","1,164.61","","1.03%"
"08/18/2021","1,170.03","1,177.44","1,179.94","1,166.89","","-0.62%"
"08/19/2021","1,176.28","1,170.28","1,178.40","1,169.66","","0.53%"
"08/20/2021","1,175.15","1,176.46","1,184.85","1,171.22","","-0.10%"
"08/23/2021","1,169.36","1,175.24","1,177.56","1,167.43","","-0.49%"
"08/24/2021","1,163.65","1,169.07","1,171.57","1,163.11","","-0.49%"
"08/25/2021","1,163.87","1,164.02","1,169.37","1,162.92","","0.02%"
"08/26/2021","1,170.53","1,164.05","1,172.01","1,162.97","","0.57%"
"08/27/2021","1,161.23","1,170.71","1,174.76","1,160.89","","-0.79%"
"08/30/2021","1,164.34","1,162.33","1,167.71","1,161.88","","0.27%"
"08/31/2021","1,158.73","1,166.07","1,167.43","1,155.18","","-0.48%"
"09/01/2021","1,155.47","1,158.95","1,160.64","1,154.53","","-0.28%"
"09/02/2021","1,158.05","1,156.08","1,162.44","1,155.05","","0.22%"
"09/03/2021","1,154.28","1,158.23","1,159.72","1,152.54","","-0.33%"
"09/06/2021","1,157.04","1,155.75","1,159.97","1,154.53","","0.24%"
"09/07/2021","1,161.98","1,157.33","1,166.02","1,155.00","","0.43%"
"09/08/2021","1,166.54","1,162.16","1,168.83","1,161.15","","0.39%"
"09/09/2021","1,169.64","1,167.14","1,172.22","1,166.05","","0.27%"
"09/10/2021","1,170.23","1,169.81","1,174.13","1,164.84","","0.05%"
"09/13/2021","1,172.83","1,170.38","1,177.53","1,170.02","","0.22%"
"09/14/2021","1,172.23","1,173.44","1,175.21","1,166.38","","-0.05%"
"09/15/2021","1,166.23","1,172.41","1,174.70","1,164.77","","-0.51%"
"09/16/2021","1,175.19","1,166.39","1,176.94","1,165.21","","0.77%"
"09/17/2021","1,180.69","1,175.37","1,182.81","1,174.24","","0.47%"
"09/20/2021","1,185.67","1,181.56","1,192.41","1,181.47","","0.42%"
"09/21/2021","1,183.96","1,187.39","1,188.62","1,182.66","","-0.14%"
"09/22/2021","1,181.75","1,184.41","1,185.53","1,178.25","","-0.19%"
"09/23/2021","1,174.63","1,181.99","1,186.62","1,170.36","","-0.60%"
"09/24/2021","1,179.68","1,174.84","1,182.05","1,171.81","","0.43%"
"09/27/2021","1,177.94","1,179.95","1,182.46","1,173.98","","-0.15%"
"09/28/2021","1,187.16","1,177.09","1,188.67","1,176.37","","0.78%"
"09/29/2021","1,187.11","1,188.03","1,189.26","1,181.21","","0.00%"
"09/30/2021","1,184.23","1,187.93","1,189.38","1,180.22","","-0.24%"
"10/01/2021","1,180.35","1,184.78","1,189.05","1,179.20","","-0.33%"
"10/04/2021","1,184.12","1,179.90","1,185.97","1,178.41","","0.32%"
"10/05/2021","1,186.48","1,184.46","1,189.12","1,183.84","","0.20%"
"10/06/2021","1,190.21","1,186.69","1,197.94","1,185.90","","0.31%"
"10/07/2021","1,190.88","1,190.74","1,192.08","1,188.15","","0.06%"
"10/08/2021","1,196.79","1,191.33","1,197.62","1,190.35","","0.50%"
"10/11/2021","1,195.30","1,196.54","1,196.99","1,191.89","","-0.12%"
"10/12/2021","1,197.29","1,195.75","1,200.90","1,195.38","","0.17%"
"10/13/2021","1,186.18","1,197.92","1,199.49","1,186.30","","-0.93%"
"10/14/2021","1,181.69","1,186.87","1,190.94","1,181.76","","-0.38%"
"10/15/2021","1,182.07","1,182.23","1,185.32","1,180.87","","0.03%"
"10/18/2021","1,185.47","1,182.49","1,188.86","1,182.39","","0.29%"
"10/19/2021","1,175.13","1,185.89","1,186.03","1,173.73","","-0.87%"
"10/20/2021","1,175.63","1,175.61","1,179.26","1,172.01","","0.04%"
"10/21/2021","1,177.78","1,175.81","1,180.03","1,172.99","","0.18%"
"10/22/2021","1,177.48","1,177.87","1,181.71","1,173.64","","-0.03%"
"10/25/2021","1,168.02","1,177.45","1,178.96","1,166.96","","-0.80%"
"10/26/2021","1,167.95","1,168.13","1,170.47","1,163.75","","-0.01%"
"10/27/2021","1,172.05","1,168.06","1,174.09","1,165.45","","0.35%"
"10/28/2021","1,168.44","1,172.17","1,174.71","1,166.07","","-0.31%"
"10/29/2021","1,174.47","1,168.46","1,177.08","1,167.81","","0.52%"
"11/01/2021","1,177.45","1,174.61","1,179.89","1,173.28","","0.25%"
"11/02/2021","1,178.48","1,177.56","1,179.91","1,174.03","","0.09%"
"11/03/2021","1,178.78","1,178.59","1,185.95","1,177.99","","0.03%"
"11/04/2021","1,185.75","1,178.89","1,188.80","1,176.94","","0.59%"
"11/05/2021","1,181.05","1,185.97","1,188.43","1,181.21","","-0.40%"
"11/08/2021","1,180.84","1,181.51","1,186.74","1,178.93","","-0.02%"
"11/09/2021","1,178.40","1,180.95","1,182.10","1,173.36","","-0.21%"
"11/10/2021","1,185.04","1,178.51","1,186.15","1,176.83","","0.56%"
"11/11/2021","1,182.39","1,185.15","1,187.30","1,178.17","","-0.22%"
"11/12/2021","1,179.20","1,182.45","1,184.10","1,176.31","","-0.27%"
"11/15/2021","1,183.42","1,179.95","1,184.78","1,177.17","","0.36%"
"11/16/2021","1,183.85","1,183.56","1,185.80","1,175.30","","0.04%"
"11/17/2021","1,180.46","1,183.99","1,186.97","1,179.59","","-0.29%"
"11/18/2021","1,182.37","1,180.59","1,187.76","1,177.92","","0.16%"
"11/19/2021","1,187.10","1,182.99","1,187.67","1,181.16","","0.40%"
"11/22/2021","1,190.08","1,188.76","1,191.37","1,184.82","","0.25%"
"11/23/2021","1,189.08","1,190.57","1,192.47","1,187.06","","-0.08%"
"11/24/2021","1,188.77","1,190.07","1,190.79","1,185.02","","-0.03%"
"11/25/2021","1,190.16","1,188.81","1,192.28","1,187.82","","0.12%"
"11/26/2021","1,194.43","1,190.24","1,196.26","1,189.74","","0.36%"
"11/29/2021","1,190.69","1,195.80","1,196.00","1,189.90","","-0.31%"
"11/30/2021","1,182.71","1,190.97","1,191.74","1,182.26","","-0.67%"
"12/01/2021","1,176.93","1,182.84","1,185.49","1,173.33","","-0.49%"
"12/02/2021","1,176.74","1,177.06","1,179.36","1,173.32","","-0.02%"
"12/03/2021","1,180.00","1,176.86","1,183.63","1,175.83","","0.28%"
"12/06/2021","1,180.54","1,184.85","1,186.49","1,179.70","","0.05%"
"12/07/2021","1,176.73","1,180.66","1,184.03","1,176.56","","-0.32%"
"12/08/2021","1,175.19","1,176.85","1,179.32","1,175.12","","-0.13%"
"12/09/2021","1,178.15","1,173.42","1,179.37","1,172.62","","0.25%"
"12/10/2021","1,180.86","1,178.27","1,182.83","1,176.40","","0.23%"
"12/13/2021","1,184.91","1,180.97","1,186.16","1,177.03","","0.34%"
"12/14/2021","1,185.19","1,185.11","1,186.38","1,180.97","","0.02%"
"12/15/2021","1,184.57","1,185.24","1,190.22","1,183.93","","-0.05%"
"12/16/2021","1,186.29","1,185.41","1,188.86","1,181.63","","0.15%"
"12/17/2021","1,187.70","1,186.39","1,188.63","1,180.03","","0.12%"
"12/20/2021","1,189.53","1,188.10","1,192.67","1,186.79","","0.15%"
"12/21/2021","1,190.67","1,189.96","1,193.82","1,189.00","","0.10%"
"12/22/2021","1,190.21","1,190.43","1,192.98","1,189.50","","-0.04%"
"12/23/2021","1,185.55","1,187.94","1,190.76","1,184.89","","-0.39%"
"12/24/2021","1,185.99","1,185.64","1,188.40","1,184.69","","0.04%"
"12/27/2021","1,185.61","1,187.10","1,188.63","1,185.02","","-0.03%"
"12/28/2021","1,188.09","1,186.59","1,189.39","1,185.32","","0.21%"
"12/29/2021","1,184.70","1,188.14","1,188.59","1,184.06","","-0.29%"
"12/30/2021","1,189.36","1,184.79","1,190.72","1,182.75","","0.39%"
"12/31/2021","1,187.96","1,190.22","1,191.32","1,186.67","","-0.12%"
"01/03/2022","1,193.00","1,189.80","1,193.86","1,187.55","","0.42%"
"01/04/2022","1,197.49","1,194.77","1,199.49","1,192.75","","0.38%"
"01/05/2022","1,198.20","1,197.54","1,200.18","1,195.91","","0.06%"
"01/06/2022","1,204.95","1,200.65","1,207.11","1,197.20","","0.56%"
"01/07/2022","1,197.63","1,205.03","1,205.78","1,197.32","","-0.61%"
"01/10/2022","1,198.04","1,198.20","1,201.81","1,195.96","","0.03%"
"01/11/2022","1,192.31","1,198.14","1,198.60","1,192.30","","-0.48%"
"01/12/2022","1,185.87","1,190.55","1,193.20","1,185.12","","-0.54%"
"01/13/2022","1,186.11","1,185.96","1,189.95","1,184.04","","0.02%"
"01/14/2022","1,190.07","1,186.77","1,192.42","1,185.67","","0.33%"
"01/17/2022","1,189.99","1,190.55","1,194.13","1,189.49","","-0.01%"
"01/18/2022","1,192.69","1,190.98","1,194.34","1,185.93","","0.23%"
"01/19/2022","1,188.13","1,193.03","1,193.95","1,186.66","","-0.38%"
"01/20/2022","1,192.42","1,188.21","1,193.88","1,187.19","","0.36%"
"01/21/2022","1,192.51","1,192.49","1,195.05","1,190.14","","0.01%"
"01/24/2022","1,195.59","1,193.30","1,197.90","1,192.49","","0.26%"
"01/25/2022","1,196.35","1,195.69","1,199.93","1,195.17","","0.06%"
"01/26/2022","1,197.03","1,196.35","1,198.51","1,194.28","","0.06%"
"01/27/2022","1,203.77","1,200.75","1,205.79","1,200.15","","0.56%"
"01/28/2022","1,209.56","1,203.82","1,213.87","1,203.65","","0.48%"
"01/31/2022","1,204.63","1,209.71","1,212.92","1,204.21","","-0.41%"
"02/01/2022","1,202.31","1,204.75","1,208.01","1,201.62","","-0.19%"
"02/02/2022","1,199.46","1,202.47","1,204.41","1,198.83","","-0.24%"
"02/03/2022","1,199.47","1,200.36","1,207.19","1,198.68","","0.00%"
"02/04/2022","1,198.25","1,200.65","1,202.05","1,196.81","","-0.10%"
"02/07/2022","1,196.87","1,199.00","1,201.09","1,196.72","","-0.12%"
"02/08/2022","1,196.35","1,196.92","1,200.38","1,196.21","","-0.04%"
"02/09/2022","1,194.05","1,196.40","1,197.47","1,193.01","","-0.19%"
"02/10/2022","1,199.83","1,194.17","1,200.65","1,193.42","","0.48%"
"02/11/2022","1,199.48","1,200.11","1,201.87","1,193.23","","-0.03%"
"02/14/2022","1,197.32","1,200.10","1,200.17","1,193.93","","-0.18%"
"02/15/2022","1,196.76","1,197.45","1,200.60","1,195.28","","-0.05%"
"02/16/2022","1,196.53","1,196.87","1,199.57","1,195.22","","-0.02%"
"02/17/2022","1,198.63","1,196.69","1,200.05","1,194.44","","0.18%"
"02/18/2022","1,195.59","1,198.76","1,199.55","1,192.95","","-0.25%"
"02/21/2022","1,193.68","1,198.30","1,199.72","1,189.73","","-0.16%"
"02/22/2022","1,191.90","1,194.60","1,196.60","1,190.74","","-0.15%"
"02/23/2022","1,192.44","1,193.03","1,194.35","1,189.64","","0.05%"
"02/24/2022","1,206.05","1,192.60","1,211.47","1,191.93","","1.14%"
"02/25/2022","1,197.57","1,206.11","1,206.90","1,197.73","","-0.70%"
"02/28/2022","1,200.12","1,207.65","1,208.97","1,200.76","","0.21%"
"03/01/2022","1,205.32","1,201.18","1,206.37","1,197.68","","0.43%"
"03/02/2022","1,203.16","1,205.42","1,208.99","1,201.98","","-0.18%"
"03/03/2022","1,205.54","1,203.26","1,209.29","1,202.18","","0.20%"
"03/04/2022","1,217.45","1,206.93","1,219.78","1,206.35","","0.99%"
"03/07/2022","1,232.14","1,221.65","1,233.47","1,220.05","","1.21%"
"03/08/2022","1,233.53","1,232.26","1,238.83","1,227.97","","0.11%"
"03/09/2022","1,223.13","1,233.64","1,235.95","1,222.75","","-0.84%"
"03/10/2022","1,228.83","1,223.24","1,231.74","1,223.13","","0.47%"
"03/11/2022","1,237.08","1,228.76","1,237.91","1,228.23","","0.67%"
"03/14/2022","1,240.64","1,237.10","1,242.82","1,234.68","","0.29%"
"03/15/2022","1,240.62","1,242.01","1,247.36","1,239.30","","0.00%"
"03/16/2022","1,225.35","1,241.66","1,244.05","1,225.32","","-1.23%"
"03/17/2022","1,209.89","1,224.96","1,227.71","1,207.83","","-1.26%"
"03/18/2022","1,211.15","1,210.58","1,217.26","1,207.01","","0.10%"
"03/21/2022","1,217.55","1,211.55","1,219.24","1,210.39","","0.53%"
"03/22/2022","1,215.07","1,218.82","1,223.92","1,214.51","","-0.20%"
"03/23/2022","1,218.62","1,215.19","1,219.80","1,210.91","","0.29%"
"03/24/2022","1,219.58","1,219.02","1,225.05","1,217.11","","0.08%"
"03/25/2022","1,225.08","1,221.00","1,226.31","1,216.36","","0.45%"
"03/28/2022","1,223.65","1,224.40","1,227.87","1,222.26","","-0.12%"
"03/29/2022","1,207.35","1,223.82","1,225.12","1,207.27","","-1.33%"
"03/30/2022","1,210.31","1,208.19","1,213.22","1,207.06","","0.25%"
"03/31/2022","1,214.17","1,210.51","1,215.47","1,208.16","","0.32%"
"04/01/2022","1,219.73","1,215.13","1,220.27","1,214.39","","0.46%"
"04/04/2022","1,213.75","1,219.80","1,220.26","1,213.53","","-0.49%"
"04/05/2022","1,218.22","1,214.49","1,220.32","1,210.31","","0.37%"
"04/06/2022","1,217.48","1,218.82","1,221.96","1,215.85","","-0.06%"
"04/07/2022","1,222.55","1,217.60","1,223.95","1,216.37","","0.42%"
"04/08/2022","1,229.19","1,222.76","1,230.87","1,221.28","","0.54%"
"04/11/2022","1,234.32","1,228.95","1,236.82","1,228.95","","0.42%"
"04/12/2022","1,228.08","1,234.90","1,238.63","1,224.51","","-0.51%"
"04/13/2022","1,223.23","1,228.15","1,231.70","1,221.71","","-0.39%"
"04/14/2022","1,230.15","1,223.37","1,231.57","1,222.61","","0.57%"
"04/15/2022","1,228.19","1,230.26","1,232.11","1,227.01","","-0.16%"
"04/18/2022","1,235.22","1,229.09","1,235.81","1,228.88","","0.57%"
"04/19/2022","1,239.53","1,235.45","1,242.67","1,233.17","","0.35%"
"04/20/2022","1,233.66","1,239.81","1,241.04","1,232.37","","-0.47%"
"04/21/2022","1,242.81","1,233.98","1,244.95","1,233.86","","0.74%"
"04/22/2022","1,244.11","1,242.34","1,247.45","1,238.45","","0.10%"
"04/25/2022","1,250.10","1,244.40","1,253.76","1,243.63","","0.48%"
"04/26/2022","1,260.67","1,250.22","1,261.43","1,245.14","","0.85%"
"04/27/2022","1,266.27","1,260.98","1,270.72","1,260.89","","0.44%"
"04/28/2022","1,272.11","1,266.40","1,276.55","1,264.27","","0.46%"
"04/29/2022","1,263.03","1,272.38","1,273.06","1,254.87","","-0.71%"
"05/02/2022","1,267.51","1,264.65","1,270.75","1,262.88","","0.35%"
"05/03/2022","1,260.35","1,267.64","1,268.77","1,260.12","","-0.56%"
"05/04/2022","1,251.51","1,260.95","1,267.49","1,250.62","","-0.70%"
"05/05/2022","1,269.20","1,251.53","1,274.37","1,250.42","","1.41%"
"05/06/2022","1,269.99","1,269.57","1,276.47","1,266.98","","0.06%"
"05/09/2022","1,274.28","1,270.41","1,278.36","1,270.29","","0.34%"
"05/10/2022","1,276.48","1,275.01","1,278.95","1,271.37","","0.17%"
"05/11/2022","1,279.03","1,276.63","1,280.55","1,272.35","","0.20%"
"05/12/2022","1,290.72","1,279.14","1,293.14","1,278.47","","0.91%"
"05/13/2022","1,278.45","1,290.87","1,291.74","1,278.22","","-0.95%"
"05/16/2022","1,280.38","1,278.57","1,286.56","1,276.16","","0.15%"
"05/17/2022","1,266.50","1,280.64","1,281.45","1,264.02","","-1.08%"
"05/18/2022","1,275.33","1,266.80","1,276.98","1,263.93","","0.70%"
"05/19/2022","1,262.61","1,276.00","1,280.63","1,261.35","","-1.00%"
"05/20/2022","1,273.59","1,263.99","1,277.18","1,263.05","","0.87%"
"05/23/2022","1,257.88","1,270.41","1,272.97","1,258.37","","-1.23%"
"05/24/2022","1,261.03","1,258.87","1,266.72","1,258.21","","0.25%"
"05/25/2022","1,266.41","1,261.14","1,271.95","1,260.05","","0.43%"
"05/26/2022","1,260.02","1,266.55","1,269.73","1,259.35","","-0.50%"
"05/27/2022","1,251.99","1,260.29","1,262.13","1,248.86","","-0.64%"
"05/30/2022","1,234.85","1,251.10","1,253.58","1,234.55","","-1.37%"
"05/31/2022","1,242.26","1,235.60","1,243.89","1,234.72","","0.60%"
"06/01/2022","1,246.89","1,242.48","1,248.58","1,240.29","","0.37%"
"06/02/2022","1,240.32","1,247.23","1,255.04","1,240.67","","-0.53%"
"06/03/2022","1,250.58","1,241.14","1,252.24","1,238.47","","0.83%"
"06/06/2022","1,254.45","1,251.87","1,255.71","1,248.23","","0.31%"
"06/07/2022","1,254.36","1,254.80","1,260.15","1,253.06","","-0.01%"
"06/08/2022","1,256.81","1,254.85","1,258.92","1,253.17","","0.20%"
"06/09/2022","1,264.04","1,257.22","1,267.19","1,253.34","","0.58%"
"06/10/2022","1,279.32","1,264.38","1,283.85","1,263.14","","1.21%"
"06/13/2022","1,291.68","1,279.43","1,294.37","1,278.88","","0.97%"
"06/14/2022","1,289.57","1,291.88","1,292.65","1,285.25","","-0.16%"
"06/15/2022","1,277.90","1,289.92","1,293.72","1,278.02","","-0.90%"
"06/16/2022","1,288.23","1,278.38","1,296.59","1,277.06","","0.81%"
"06/17/2022","1,291.26","1,288.57","1,296.67","1,282.29","","0.24%"
"06/20/2022","1,291.54","1,291.50","1,296.26","1,287.91","","0.02%"
"06/21/2022","1,291.72","1,292.55","1,294.29","1,287.35","","0.01%"
"06/22/2022","1,297.58","1,292.09","1,305.26","1,290.69","","0.45%"
"06/23/2022","1,299.81","1,297.69","1,307.92","1,296.32","","0.17%"
"06/24/2022","1,288.89","1,300.14","1,302.32","1,288.11","","-0.84%"
"06/27/2022","1,286.31","1,289.28","1,293.35","1,280.59","","-0.20%"
"06/28/2022","1,292.06","1,286.63","1,293.00","1,281.47","","0.45%"
"06/29/2022","1,301.90","1,292.43","1,302.80","1,289.34","","0.76%"
"06/30/2022","1,287.51","1,301.96","1,304.24","1,287.36","","-1.11%"
"07/01/2022","1,298.67","1,288.05","1,302.80","1,287.80","","0.87%"
"07/04/2022","1,295.87","1,298.92","1,300.16","1,292.05","","-0.22%"
"07/05/2022","1,308.95","1,296.05","1,315.57","1,293.68","","1.01%"
"07/06/2022","1,304.79","1,309.10","1,311.02","1,302.81","","-0.32%"
"07/07/2022","1,297.62","1,305.14","1,308.74","1,295.90","","-0.55%"
"07/08/2022","1,294.68","1,297.97","1,303.68","1,292.29","","-0.23%"
"07/11/2022","1,310.81","1,294.79","1,314.39","1,294.62","","1.25%"
"07/12/2022","1,305.21","1,311.16","1,316.73","1,305.01","","-0.43%"
"07/13/2022","1,304.73","1,306.45","1,310.83","1,301.75","","-0.04%"
"07/14/2022","1,316.41","1,305.10","1,327.32","1,303.55","","0.90%"
"07/15/2022","1,317.74","1,317.58","1,329.58","1,316.60","","0.10%"
"07/18/2022","1,318.30","1,319.15","1,322.13","1,312.97","","0.04%"
"07/19/2022","1,305.12","1,319.20","1,320.00","1,305.38","","-1.00%"
"07/20/2022","1,313.10","1,304.38","1,314.22","1,302.36","","0.61%"
"07/21/2022","1,306.16","1,313.70","1,316.88","1,306.55","","-0.53%"
"07/22/2022","1,310.01","1,306.66","1,316.22","1,306.22","","0.29%"
"07/25/2022","1,311.12","1,310.61","1,313.97","1,307.33","","0.08%"
"07/26/2022","1,310.10","1,311.47","1,313.60","1,306.75","","-0.08%"
"07/27/2022","1,306.08","1,311.03","1,316.68","1,305.74","","-0.31%"
"07/28/2022","1,295.47","1,306.37","1,309.68","1,296.07","","-0.81%"
"07/29/2022","1,302.97","1,296.07","1,309.40","1,295.55","","0.58%"
"08/01/2022","1,307.33","1,303.29","1,309.99","1,301.09","","0.33%"
"08/02/2022","1,311.82","1,307.74","1,313.33","1,304.20","","0.34%"
"08/03/2022","1,307.82","1,315.30","1,315.99","1,306.40","","-0.30%"
"08/04/2022","1,302.41","1,308.23","1,312.49","1,301.85","","-0.41%"
"08/05/2022","1,302.24","1,302.81","1,305.85","1,294.54","","-0.01%"
"08/08/2022","1,299.10","1,303.71","1,307.49","1,298.71","","-0.24%"
"08/09/2022","1,306.14","1,300.11","1,308.74","1,299.39","","0.54%"
"08/10/2022","1,297.33","1,307.52","1,312.06","1,297.49","","-0.67%"
"08/11/2022","1,305.14","1,297.53","1,305.68","1,296.48","","0.60%"
"08/12/2022","1,301.31","1,307.05","1,307.62","1,299.35","","-0.29%"
"08/15/2022","1,310.52","1,302.34","1,312.60","1,302.16","","0.71%"
"08/16/2022","1,311.04","1,313.55","1,314.22","1,307.77","","0.04%"
"08/17/2022","1,314.88","1,311.40","1,317.88","1,308.20","","0.29%"
"08/18/2022","1,326.84","1,315.25","1,329.42","1,312.55","","0.91%"
"08/19/2022","1,335.61","1,327.23","1,338.42","1,324.15","","0.66%"
"08/22/2022","1,343.43","1,335.78","1,346.82","1,334.29","","0.59%"
"08/23/2022","1,339.17","1,343.73","1,347.01","1,334.64","","-0.32%"
"08/24/2022","1,340.60","1,339.54","1,344.81","1,337.75","","0.11%"
"08/25/2022","1,334.32","1,340.96","1,342.42","1,333.36","","-0.47%"
"08/26/2022","1,341.81","1,334.97","1,342.83","1,328.26","","0.56%"
"08/29/2022","1,345.62","1,342.18","1,352.30","1,342.03","","0.28%"
"08/30/2022","1,349.77","1,345.98","1,353.54","1,344.47","","0.31%"
"08/31/2022","1,341.19","1,350.55","1,352.58","1,337.60","","-0.64%"
"09/01/2022","1,355.82","1,341.76","1,359.50","1,341.10","","1.09%"
"09/02/2022","1,361.15","1,356.79","1,364.86","1,352.23","","0.39%"
"09/05/2022","1,369.39","1,363.68","1,375.00","1,361.32","","0.61%"
"09/06/2022","1,377.07","1,370.53","1,381.11","1,364.35","","0.56%"
"09/07/2022","1,377.11","1,378.52","1,391.28","1,377.12","","0.00%"
"09/08/2022","1,384.55","1,375.39","1,387.75","1,374.41","","0.54%"
"09/09/2022","1,379.77","1,384.88","1,385.60","1,374.16","","-0.35%"
"09/12/2022","1,374.63","1,380.06","1,384.25","1,373.04","","-0.37%"
"09/13/2022","1,394.68","1,375.25","1,395.26","1,371.40","","1.46%"
"09/14/2022","1,391.01","1,392.37","1,396.25","1,388.88","","-0.26%"
"09/15/2022","1,398.41","1,391.44","1,400.38","1,390.00","","0.53%"
"09/16/2022","1,384.77","1,397.70","1,399.31","1,383.20","","-0.98%"
"09/19/2022","1,390.08","1,385.95","1,396.47","1,384.00","","0.38%"
"09/20/2022","1,392.50","1,390.33","1,395.27","1,387.26","","0.17%"
"09/21/2022","1,397.71","1,392.91","1,398.86","1,388.40","","0.37%"
"09/22/2022","1,404.23","1,397.73","1,414.86","1,396.36","","0.47%"
"09/23/2022","1,421.34","1,407.07","1,423.80","1,404.04","","1.22%"
"09/26/2022","1,430.19","1,421.30","1,435.20","1,419.35","","0.62%"
"09/27/2022","1,426.32","1,430.62","1,432.10","1,419.02","","-0.27%"
"09/28/2022","1,424.48","1,426.67","1,445.64","1,424.80","","-0.13%"
"09/29/2022","1,429.99","1,424.21","1,442.17","1,422.57","","0.39%"
"09/30/2022","1,439.96","1,430.42","1,442.34","1,427.98","","0.70%"
"10/03/2022","1,433.45","1,440.23","1,445.78","1,433.78","","-0.45%"
"10/04/2022","1,415.53","1,432.57","1,436.61","1,416.11","","-1.25%"
"10/05/2022","1,415.63","1,416.34","1,424.23","1,410.05","","0.01%"
"10/06/2022","1,408.31","1,417.05","1,417.62","1,397.24","","-0.52%"
"10/07/2022","1,424.94","1,408.62","1,425.57","1,402.00","","1.18%"
"10/10/2022","1,427.61","1,421.95","1,430.77","1,421.95","","0.19%"
"10/11/2022","1,431.42","1,428.97","1,438.69","1,427.03","","0.27%"
"10/12/2022","1,424.49","1,431.81","1,436.55","1,422.37","","-0.48%"
"10/13/2022","1,430.69","1,424.90","1,444.09","1,423.48","","0.44%"
"10/14/2022","1,440.44","1,430.60","1,442.39","1,424.85","","0.68%"
"10/17/2022","1,430.71","1,442.45","1,442.70","1,429.25","","-0.68%"
"10/18/2022","1,425.02","1,431.69","1,432.51","1,418.37","","-0.40%"
"10/19/2022","1,434.88","1,425.34","1,437.07","1,413.44","","0.69%"
"10/20/2022","1,430.20","1,435.17","1,436.85","1,422.35","","-0.33%"
"10/21/2022","1,428.32","1,430.59","1,444.59","1,428.51","","-0.13%"
"10/24/2022","1,444.63","1,431.05","1,446.62","1,428.58","","1.14%"
"10/25/2022","1,426.92","1,444.94","1,445.36","1,424.59","","-1.23%"
"10/26/2022","1,412.52","1,427.26","1,432.60","1,410.45","","-1.01%"
"10/27/2022","1,421.23","1,412.86","1,425.51","1,411.96","","0.62%"
"10/28/2022","1,421.66","1,421.67","1,428.10","1,414.22","","0.03%"
"10/31/2022","1,425.83","1,422.05","1,429.69","1,418.31","","0.29%"
"11/01/2022","1,416.73","1,427.03","1,429.59","1,411.77","","-0.64%"
"11/02/2022","1,412.45","1,417.08","1,421.40","1,409.67","","-0.30%"
"11/03/2022","1,423.70","1,424.95","1,428.78","1,417.83","","0.80%"
"11/04/2022","1,403.29","1,424.06","1,429.45","1,401.05","","-1.43%"
"11/07/2022","1,392.44","1,411.80","1,413.26","1,390.20","","-0.77%"
"11/08/2022","1,375.03","1,393.43","1,395.30","1,370.43","","-1.25%"
"11/09/2022","1,371.13","1,375.04","1,380.48","1,357.22","","-0.28%"
"11/10/2022","1,349.82","1,371.30","1,383.94","1,349.41","","-1.55%"
"11/11/2022","1,313.69","1,350.14","1,350.69","1,313.20","","-2.68%"
"11/14/2022","1,323.87","1,319.50","1,332.06","1,309.20","","0.77%"
"11/15/2022","1,316.21","1,324.27","1,327.51","1,308.13","","-0.58%"
"11/16/2022","1,336.65","1,316.56","1,339.09","1,315.17","","1.55%"
"11/17/2022","1,342.65","1,337.00","1,352.56","1,330.45","","0.45%"
"11/18/2022","1,339.71","1,342.99","1,344.94","1,335.85","","-0.22%"
"11/21/2022","1,359.30","1,341.55","1,362.64","1,341.44","","1.46%"
"11/22/2022","1,352.65","1,359.61","1,362.97","1,351.01","","-0.49%"
"11/23/2022","1,336.85","1,353.01","1,355.86","1,335.96","","-1.17%"
"11/24/2022","1,326.69","1,337.09","1,340.75","1,324.12","","-0.76%"
"11/25/2022","1,334.48","1,328.03","1,336.78","1,319.27","","0.59%"
"11/28/2022","1,339.75","1,335.95","1,342.87","1,332.43","","0.39%"
"11/29/2022","1,325.36","1,341.53","1,342.89","1,322.84","","-1.07%"
"11/30/2022","1,301.65","1,325.67","1,330.01","1,300.60","","-1.79%"
"12/01/2022","1,304.23","1,301.72","1,308.23","1,295.15","","0.20%"
"12/02/2022","1,297.89","1,304.56","1,308.34","1,295.47","","-0.49%"
"12/05/2022","1,305.49","1,299.17","1,307.05","1,289.40","","0.59%"
"12/06/2022","1,319.79","1,305.73","1,323.12","1,301.45","","1.10%"
"12/07/2022","1,314.38","1,320.13","1,326.55","1,312.56","","-0.41%"
"12/08/2022","1,315.83","1,314.77","1,323.95","1,314.48","","0.11%"
"12/09/2022","1,303.87","1,316.82","1,318.23","1,298.73","","-0.91%"
"12/12/2022","1,306.08","1,303.95","1,314.15","1,303.26","","0.17%"
"12/13/2022","1,289.13","1,307.07","1,309.66","1,288.79","","-1.30%"
"12/14/2022","1,295.42","1,289.57","1,302.55","1,288.77","","0.49%"
"12/15/2022","1,318.51","1,295.91","1,320.61","1,293.61","","1.78%"
"12/16/2022","1,309.47","1,319.51","1,320.05","1,304.73","","-0.69%"
"12/19/2022","1,301.29","1,311.55","1,311.58","1,296.85","","-0.62%"
"12/20/2022","1,283.71","1,301.65","1,305.45","1,281.52","","-1.35%"
"12/21/2022","1,279.21","1,284.06","1,289.91","1,279.91","","-0.35%"
"12/22/2022","1,291.64","1,280.37","1,292.51","1,272.36","","0.97%"
"12/23/2022","1,279.55","1,291.94","1,292.57","1,278.05","","-0.94%"
"12/26/2022","1,273.91","1,279.80","1,282.20","1,273.89","","-0.44%"
"12/27/2022","1,271.79","1,274.91","1,275.63","1,264.85","","-0.17%"
"12/28/2022","1,274.37","1,272.25","1,276.66","1,265.57","","0.20%"
"12/29/2022","1,260.85","1,274.71","1,275.32","1,259.19","","-1.06%"